Month, Mortgage, Balance, Interest, Paid Amount
1, 1733.4384704020654, 299811.5615295979, 1545.0, 188.43847040206538
2, 1733.4384704020654, 299622.15260107326, 1544.0295418774292, 189.40892852463617
3, 1733.4384704020654, 299431.7682165667, 1543.0540858955271, 190.38438450653825
4, 1733.4384704020654, 299240.40335248, 1542.0736063153183, 191.36486408674705
5, 1733.4384704020654, 299048.0529593432, 1541.0880772652717, 192.35039313679363
6, 1733.4384704020654, 298854.7119616817, 1540.0974727406174, 193.340997661448
7, 1733.4384704020654, 298660.3752578823, 1539.101766602661, 194.3367037994044
8, 1733.4384704020654, 298465.03772005835, 1538.1009325780935, 195.33753782397184
9, 1733.4384704020654, 298268.6941939146, 1537.0949442583005, 196.34352614376485
10, 1733.4384704020654, 298071.33949861117, 1536.08377509866, 197.35469530340538
11, 1733.4384704020654, 297872.96842662693, 1535.0673984178475, 198.3710719842179
12, 1733.4384704020654, 297673.575743622, 1534.0457873971288, 199.39268300493654
13, 1733.4384704020654, 297473.1561882996, 1533.018915079653, 200.4195553224124
14, 1733.4384704020654, 297271.70447226724, 1531.9867543697428, 201.45171603232257
15, 1733.4384704020654, 297069.2152798973, 1530.9492780321762, 202.48919236988922
16, 1733.4384704020654, 296865.68326818675, 1529.906458691471, 203.53201171059436
17, 1733.4384704020654, 296661.1030666159, 1528.8582688311617, 204.58020157090368
18, 1733.4384704020654, 296455.46927700687, 1527.8046807930716, 205.63378960899377
19, 1733.4384704020654, 296248.7764733814, 1526.7456667765853, 206.6928036254801
20, 1733.4384704020654, 296041.0192018172, 1525.681198837914, 207.75727156415132
21, 1733.4384704020654, 295832.19198030455, 1524.6112488893586, 208.82722151270673
22, 1733.4384704020654, 295622.28929860104, 1523.5357886985685, 209.9026817034969
23, 1733.4384704020654, 295411.3056180868, 1522.4547898877954, 210.98368051426996
24, 1733.4384704020654, 295199.23537161783, 1521.3682239331467, 212.07024646891864
25, 1733.4384704020654, 294986.0729633796, 1520.2760621638317, 213.16240823823364
26, 1733.4384704020654, 294771.81276873895, 1519.1782757614048, 214.26019464066053
27, 1733.4384704020654, 294556.44913409586, 1518.0748357590055, 215.36363464305987
28, 1733.4384704020654, 294339.9763767344, 1516.9657130405938, 216.47275736147162
29, 1733.4384704020654, 294122.3887846725, 1515.8508783401821, 217.58759206188324
30, 1733.4384704020654, 293903.6806165115, 1514.730302241063, 218.70816816100228
31, 1733.4384704020654, 293683.8461012845, 1513.6039551750343, 219.83451522703103
32, 1733.4384704020654, 293462.87943830405, 1512.471807421615, 220.96666298045034
33, 1733.4384704020654, 293240.77479700925, 1511.3338291072657, 222.10464129479965
34, 1733.4384704020654, 293017.5263168118, 1510.1899902045977, 223.24848019746764
35, 1733.4384704020654, 292793.1281069413, 1509.0402605315805, 224.39820987048483
36, 1733.4384704020654, 292567.57424628997, 1507.8846097507476, 225.5538606513178
37, 1733.4384704020654, 292340.8587832563, 1506.7230073683932, 226.71546303367222
38, 1733.4384704020654, 292112.975735588, 1505.5554227337698, 227.8830476682956
39, 1733.4384704020654, 291883.9190902242, 1504.381825038278, 229.0566453637873
40, 1733.4384704020654, 291653.68280313676, 1503.2021833146546, 230.2362870874108
41, 1733.4384704020654, 291422.2607991709, 1502.0164664361544, 231.42200396591102
42, 1733.4384704020654, 291189.64697188453, 1500.8246431157302, 232.6138272863352
43, 1733.4384704020654, 290955.8351833877, 1499.6266819052053, 233.81178849686012
44, 1733.4384704020654, 290720.8192641801, 1498.4225511944467, 235.0159192076187
45, 1733.4384704020654, 290484.59301298857, 1497.2122192105273, 236.22625119153804
46, 1733.4384704020654, 290247.1501966034, 1495.9956540168912, 237.44281638517418
47, 1733.4384704020654, 290008.48454971384, 1494.7728235125076, 238.66564688955782
48, 1733.4384704020654, 289768.5897747428, 1493.5436954310262, 239.89477497103917
49, 1733.4384704020654, 289527.45954168064, 1492.3082373399254, 241.13023306213995
50, 1733.4384704020654, 289285.0874879182, 1491.0664166396552, 242.37205376241013
51, 1733.4384704020654, 289041.4672180789, 1489.8182005627787, 243.62026983928672
52, 1733.4384704020654, 288796.59230384993, 1488.5635561731062, 244.87491422895914
53, 1733.4384704020654, 288550.4562838127, 1487.3024503648273, 246.13602003723804
54, 1733.4384704020654, 288303.05266327225, 1486.0348498616356, 247.40362054042976
55, 1733.4384704020654, 288054.374914086, 1484.7607212158518, 248.67774918621353
56, 1733.4384704020654, 287804.4164744915, 1483.4800308075428, 249.9584395945226
57, 1733.4384704020654, 287553.17074893304, 1482.1927448436309, 251.24572555843451
58, 1733.4384704020654, 287300.631107888, 1480.8988293570053, 252.53964104506008
59, 1733.4384704020654, 287046.79088769155, 1479.5982502056231, 253.84022019644226
60, 1733.4384704020654, 286791.6433903611, 1478.2909730716112, 255.14749733045414
61, 1733.4384704020654, 286535.1818834194, 1476.9769634603597, 256.4615069417057
62, 1733.4384704020654, 286277.39959971694, 1475.6561866996099, 257.7822837024555
63, 1733.4384704020654, 286018.2897372534, 1474.3286079385423, 259.1098624635231
64, 1733.4384704020654, 285757.84545899817, 1472.994192146855, 260.4442782552103
65, 1733.4384704020654, 285496.05989270995, 1471.6529041138408, 261.7855662882246
66, 1733.4384704020654, 285232.92613075534, 1470.3047084474563, 263.1337619546091
67, 1733.4384704020654, 284968.43722992664, 1468.9495695733901, 264.48890082867524
68, 1733.4384704020654, 284702.5862112587, 1467.5874517341224, 265.851018667943
69, 1733.4384704020654, 284435.3660598446, 1466.2183189879825, 267.2201514140829
70, 1733.4384704020654, 284166.7697246508, 1464.8421352081996, 268.5963351938658
71, 1733.4384704020654, 283896.7901183307, 1463.4588640819513, 269.97960632011404
72, 1733.4384704020654, 283625.420117038, 1462.068469109403, 271.37000129266244
73, 1733.4384704020654, 283352.65256023867, 1460.6709136027457, 272.76755679931966
74, 1733.4384704020654, 283078.48025052185, 1459.2661606852291, 274.17230971683625
75, 1733.4384704020654, 282802.89595340996, 1457.8541732901874, 275.58429711187796
76, 1733.4384704020654, 282525.892397168, 1456.4349141600612, 277.00355624200415
77, 1733.4384704020654, 282247.46227261133, 1455.0083458454149, 278.4301245566505
78, 1733.4384704020654, 281967.59823291324, 1453.5744307039483, 279.86403969811704
79, 1733.4384704020654, 281686.29289341066, 1452.1331308995032, 281.3053395025622
80, 1733.4384704020654, 281403.53883140965, 1450.6844084010647, 282.75406200100065
81, 1733.4384704020654, 281119.32858598937, 1449.2282249817597, 284.2102454203057
82, 1733.4384704020654, 280833.65465780516, 1447.7645422178455, 285.6739281842199
83, 1733.4384704020654, 280546.5095088908, 1446.2933214876966, 287.14514891436875
84, 1733.4384704020654, 280257.88556245953, 1444.8145239707876, 288.6239464312778
85, 1733.4384704020654, 279967.7752027041, 1443.3281106466666, 290.1103597553988
86, 1733.4384704020654, 279676.170774596, 1441.8340422939264, 291.604428108139
87, 1733.4384704020654, 279383.0645836831, 1440.3322794891692, 293.1061909128962
88, 1733.4384704020654, 279088.448895887, 1438.822782605968, 294.6156877960973
89, 1733.4384704020654, 278792.31593729876, 1437.3055118138182, 296.1329585882472
90, 1733.4384704020654, 278494.65789397375, 1435.7804270770885, 297.6580433249769
91, 1733.4384704020654, 278195.46691172564, 1434.2474881539647, 299.1909822481007
92, 1733.4384704020654, 277894.73509591894, 1432.706654595387, 300.73181580667847
93, 1733.4384704020654, 277592.45451126085, 1431.1578857439824, 302.28058465808294
94, 1733.4384704020654, 277288.61718159175, 1429.6011407329934, 303.837329669072
95, 1733.4384704020654, 276983.21508967486, 1428.0363784851972, 305.40209191686813
96, 1733.4384704020654, 276676.24017698463, 1426.4635577118254, 306.97491269024
97, 1733.4384704020654, 276367.684343494, 1424.8826369114706, 308.55583349059475
98, 1733.4384704020654, 276057.53944746096, 1423.293574368994, 310.1448960330713
99, 1733.4384704020654, 275745.79730521335, 1421.696328154424, 311.74214224764137
100, 1733.4384704020654, 275432.4496909331, 1420.0908561218487, 313.3476142802167
101, 1733.4384704020654, 275117.48833643936, 1418.4771159083054, 314.9613544937599
102, 1733.4384704020654, 274800.90493096993, 1416.8550649326626, 316.5834054694028
103, 1733.4384704020654, 274482.6911209624, 1415.224660394495, 318.2138100075704
104, 1733.4384704020654, 274162.83850983327, 1413.5858592729562, 319.85261112910916
105, 1733.4384704020654, 273841.33865775686, 1411.9386183256413, 321.4998520764241
106, 1733.4384704020654, 273518.18308144226, 1410.2828940874479, 323.1555763146175
107, 1733.4384704020654, 273193.3632539096, 1408.6186428694275, 324.8198275326379
108, 1733.4384704020654, 272866.8706042652, 1406.9458207576345, 326.4926496444309
109, 1733.4384704020654, 272538.69651747507, 1405.2643836119657, 328.17408679009964
110, 1733.4384704020654, 272208.832334138, 1403.5742870649965, 329.8641833370689
111, 1733.4384704020654, 271877.2693502567, 1401.8754865208105, 331.5629838812549
112, 1733.4384704020654, 271543.99881700845, 1400.167937153822, 333.2705332482433
113, 1733.4384704020654, 271209.01194051397, 1398.4515939075934, 334.98687649447197
114, 1733.4384704020654, 270872.29988160555, 1396.7264114936468, 336.7120589084186
115, 1733.4384704020654, 270533.85375559377, 1394.9923443902687, 338.44612601179665
116, 1733.4384704020654, 270193.66463203303, 1393.249346841308, 340.1891235607575
117, 1733.4384704020654, 269851.72353448597, 1391.49737285497, 341.9410975470953
118, 1733.4384704020654, 269508.0214402865, 1389.7363762026025, 343.70209419946286
119, 1733.4384704020654, 269162.5492803019, 1387.9663104174754, 345.47215998459
120, 1733.4384704020654, 268815.2979386934, 1386.1871287935546, 347.25134160851076
121, 1733.4384704020654, 268466.2582526756, 1384.3987843842708, 349.03968601779457
122, 1733.4384704020654, 268115.4210122748, 1382.6012300012792, 350.8372404007862
123, 1733.4384704020654, 267762.77696008596, 1380.794418213215, 352.6440521888503
124, 1733.4384704020654, 267408.31679102837, 1378.9783013444428, 354.4601690576226
125, 1733.4384704020654, 267052.03115210007, 1377.1528314737961, 356.28563892826924
126, 1733.4384704020654, 266693.91064213135, 1375.3179604333152, 358.1205099687502
127, 1733.4384704020654, 266333.9458115363, 1373.4736398069763, 359.9648305950891
128, 1733.4384704020654, 265972.1271620636, 1371.6198209294118, 361.81864947265353
129, 1733.4384704020654, 265608.4451465462, 1369.7564548846276, 363.6820155174378
130, 1733.4384704020654, 265242.8901686488, 1367.8834925047129, 365.5549778973525
131, 1733.4384704020654, 264875.45258261525, 1366.0008843685412, 367.4375860335242
132, 1733.4384704020654, 264506.12269301363, 1364.1085808004684, 369.32988960159696
133, 1733.4384704020654, 264134.8907544806, 1362.2065318690202, 371.2319385330452
134, 1733.4384704020654, 263761.74697146413, 1360.2946873855751, 373.14378301649026
135, 1733.4384704020654, 263386.6814979651, 1358.37299690304, 375.0654734990253
136, 1733.4384704020654, 263009.68443727755, 1356.4414097145204, 376.99706068754494
137, 1733.4384704020654, 262630.7458417275, 1354.4998748519795, 378.9385955500859
138, 1733.4384704020654, 262249.8557124103, 1352.5483410848965, 380.8901293171689
139, 1733.4384704020654, 261867.00399892713, 1350.586756918913, 382.8517134831525
140, 1733.4384704020654, 261482.18059911954, 1348.6150705944747, 384.8233998075907
141, 1733.4384704020654, 261095.37535880294, 1346.6332300854658, 386.80524031659957
142, 1733.4384704020654, 260706.57807149872, 1344.641183097835, 388.7972873042304
143, 1733.4384704020654, 260315.77847816487, 1342.6388770682186, 390.7995933338468
144, 1733.4384704020654, 259922.96626692536, 1340.6262591625489, 392.8122112395165
145, 1733.4384704020654, 259528.13107279796, 1338.6032762746654, 394.8351941274
146, 1733.4384704020654, 259131.2624774208, 1336.5698750249096, 396.86859537715577
147, 1733.4384704020654, 258732.35000877746, 1334.526001758717, 398.91246864334835
148, 1733.4384704020654, 258331.3831409206, 1332.4716025452037, 400.96686785686165
149, 1733.4384704020654, 257928.3512936943, 1330.406623175741, 403.0318472263243
150, 1733.4384704020654, 257523.24383245475, 1328.3310091625256, 405.1074612395398
151, 1733.4384704020654, 257116.05006778982, 1326.244705737142, 407.19376466492326
152, 1733.4384704020654, 256706.7592552369, 1324.1476578491176, 409.2908125529477
153, 1733.4384704020654, 256295.36059499928, 1322.0398101644698, 411.39866023759555
154, 1733.4384704020654, 255881.84323166145, 1319.9211070642464, 413.517363337819
155, 1733.4384704020654, 255466.19625390245, 1317.7914926430565, 415.6469777590089
156, 1733.4384704020654, 255048.408694208, 1315.6509107075974, 417.787559694468
157, 1733.4384704020654, 254628.4695285811, 1313.4993047751711, 419.93916562689424
158, 1733.4384704020654, 254206.36767625122, 1311.3366180721926, 422.1018523298728
159, 1733.4384704020654, 253782.09199938184, 1309.1627935326937, 424.27567686937164
160, 1733.4384704020654, 253355.6313027766, 1306.9777737968163, 426.46069660524904
161, 1733.4384704020654, 252926.97433358384, 1304.7815012092994, 428.6569691927659
162, 1733.4384704020654, 252496.10978099974, 1302.5739178179567, 430.86455258410865
163, 1733.4384704020654, 252063.02627596984, 1300.3549653721486, 433.08350502991675
164, 1733.4384704020654, 251627.712390889, 1298.1245853212447, 435.3138850808207
165, 1733.4384704020654, 251190.15663930002, 1295.8827188130783, 437.55575158898705
166, 1733.4384704020654, 250750.34747559036, 1293.6293066923952, 439.8091637096702
167, 1733.4384704020654, 250308.2732946876, 1291.3642894992904, 442.07418090277497
168, 1733.4384704020654, 249863.92243175316, 1289.087607467641, 444.3508629344244
169, 1733.4384704020654, 249417.28316187463, 1286.7992005235287, 446.63926987853665
170, 1733.4384704020654, 248968.34369975622, 1284.4990082836543, 448.93946211841103
171, 1733.4384704020654, 248517.0921994079, 1282.1869700537445, 451.25150034832086
172, 1733.4384704020654, 248063.51675383278, 1279.8630248269508, 453.5754455751146
173, 1733.4384704020654, 247607.60539471294, 1277.5271112822388, 455.91135911982656
174, 1733.4384704020654, 247149.34609209365, 1275.1791677827716, 458.25930261929375
175, 1733.4384704020654, 246688.72675406586, 1272.8191323742822, 460.6193380277832
176, 1733.4384704020654, 246225.73522644723, 1270.446942783439, 462.9915276186264
177, 1733.4384704020654, 245760.35929246136, 1268.062536416203, 465.3759339858623
178, 1733.4384704020654, 245292.58667241546, 1265.665850356176, 467.7726200458894
179, 1733.4384704020654, 244822.40502337634, 1263.2568213629397, 470.18164903912566
180, 1733.4384704020654, 244349.80193884467, 1260.835385870388, 472.60308453167727
181, 1733.4384704020654, 243874.76494842765, 1258.40147998505, 475.03699041701543
182, 1733.4384704020654, 243397.28151750998, 1255.9550394844023, 477.4834309176631
183, 1733.4384704020654, 242917.3390469231, 1253.4959998151762, 479.94247058688916
184, 1733.4384704020654, 242434.9248726127, 1251.024296091654, 482.41417431041145
185, 1733.4384704020654, 241950.0262653046, 1248.5398630939555, 484.89860730810983
186, 1733.4384704020654, 241462.63043016885, 1246.0426352663187, 487.39583513574667
187, 1733.4384704020654, 240972.72450648216, 1243.5325467153696, 489.9059236866958
188, 1733.4384704020654, 240480.29556728847, 1241.0095312083831, 492.42893919368225
189, 1733.4384704020654, 239985.33061905793, 1238.4735221715355, 494.9649482305299
190, 1733.4384704020654, 239487.816601344, 1235.9244526881482, 497.51401771391716
191, 1733.4384704020654, 238987.74038643888, 1233.3622554969215, 500.07621490514384
192, 1733.4384704020654, 238485.08877902696, 1230.7868629901602, 502.65160741190516
193, 1733.4384704020654, 237979.8485158369, 1228.1982072119888, 505.2402631900766
194, 1733.4384704020654, 237472.0062652914, 1225.59621985656, 507.8422505455053
195, 1733.4384704020654, 236961.54862715557, 1222.9808322662507, 510.4576381358147
196, 1733.4384704020654, 236448.46213218337, 1220.351975429851, 513.0864949722143
197, 1733.4384704020654, 235932.73324176203, 1217.7095799807444, 515.728890421321
198, 1733.4384704020654, 235414.34834755503, 1215.0535761950746, 518.3848942069908
199, 1733.4384704020654, 234893.29377114287, 1212.3838939899085, 521.0545764121568
200, 1733.4384704020654, 234369.55576366218, 1209.700462921386, 523.7380074806795
201, 1733.4384704020654, 233843.120505443, 1207.0032121828601, 526.4352582192053
202, 1733.4384704020654, 233313.97410564395, 1204.2920706030313, 529.146399799034
203, 1733.4384704020654, 232782.10260188594, 1201.5669666440663, 531.8715037579991
204, 1733.4384704020654, 232247.4919598836, 1198.8278283997124, 534.610642002353
205, 1733.4384704020654, 231710.12807307494, 1196.0745835934006, 537.3638868086648
206, 1733.4384704020654, 231169.9967622492, 1193.3071595763358, 540.1313108257295
207, 1733.4384704020654, 230627.08377517274, 1190.5254833255833, 542.9129870764821
208, 1733.4384704020654, 230081.3747862128, 1187.7294814421396, 545.7089889599258
209, 1733.4384704020654, 229532.85539595975, 1184.9190801489958, 548.5193902530696
210, 1733.4384704020654, 228981.51113084686, 1182.0942052891926, 551.3442651128728
211, 1733.4384704020654, 228427.32744276867, 1179.2547823238613, 554.1836880782041
212, 1733.4384704020654, 227870.28970869686, 1176.4007363302587, 557.0377340718067
213, 1733.4384704020654, 227310.3832302946, 1173.531991999789, 559.9064784022764
214, 1733.4384704020654, 226747.59323352855, 1170.6484736360171, 562.7899967660483
215, 1733.4384704020654, 226181.90486827915, 1167.7501051526722, 565.6883652493932
216, 1733.4384704020654, 225613.30320794872, 1164.8368100716375, 568.6016603304279
217, 1733.4384704020654, 225041.7732490676, 1161.9085115209357, 571.5299588811297
218, 1733.4384704020654, 224467.29991089823, 1158.965132232698, 574.4733381693675
219, 1733.4384704020654, 223889.8680350373, 1156.0065945411259, 577.4318758609395
220, 1733.4384704020654, 223309.46238501568, 1153.032820380442, 580.4056500216234
221, 1733.4384704020654, 222726.06764589643, 1150.0437312828308, 583.3947391192346
222, 1733.4384704020654, 222139.66842387072, 1147.0392483763667, 586.3992220256987
223, 1733.4384704020654, 221550.2492458516, 1144.0192923829343, 589.4191780191311
224, 1733.4384704020654, 220957.79455906566, 1140.9837836161357, 592.4546867859297
225, 1733.4384704020654, 220362.2887306428, 1137.9326419791882, 595.5058284228771
226, 1733.4384704020654, 219763.71604720355, 1134.8657869628103, 598.5726834392551
227, 1733.4384704020654, 219162.06071444458, 1131.7831376430981, 601.6553327589672
228, 1733.4384704020654, 218557.3068567219, 1128.6846126793896, 604.7538577226758
229, 1733.4384704020654, 217949.43851663196, 1125.5701303121177, 607.8683400899477
230, 1733.4384704020654, 217338.43965459053, 1122.4396083606546, 610.9988620414108
231, 1733.4384704020654, 216724.29414840962, 1119.2929642211411, 614.1455061809243
232, 1733.4384704020654, 216106.98579287186, 1116.1301148643095, 617.3083555377559
233, 1733.4384704020654, 215486.4982993031, 1112.95097683329, 620.4874935687753
234, 1733.4384704020654, 214862.81529514244, 1109.7554662414109, 623.6830041606545
235, 1733.4384704020654, 214235.92032351036, 1106.5434987699837, 626.8949716320817
236, 1733.4384704020654, 213605.79684277438, 1103.3149896660782, 630.1234807359872
237, 1733.4384704020654, 212972.4282261126, 1100.069853740288, 633.3686166617774
238, 1733.4384704020654, 212335.797761075, 1096.8080053644799, 636.6304650375855
239, 1733.4384704020654, 211695.88864914246, 1093.5293584695362, 639.9091119325292
240, 1733.4384704020654, 211052.6840052835, 1090.2338265430838, 643.2046438589816
241, 1733.4384704020654, 210406.16685750862, 1086.92132262721, 646.5171477748554
242, 1733.4384704020654, 209756.32014642272, 1083.5917593161694, 649.846711085896
243, 1733.4384704020654, 209103.12672477472, 1080.2450487540768, 653.1934216479885
244, 1733.4384704020654, 208446.56935700524, 1076.8811026325898, 656.5573677694756
245, 1733.4384704020654, 207786.63071879174, 1073.4998321885769, 659.9386382134885
246, 1733.4384704020654, 207123.29339659144, 1070.1011482017775, 663.3373222002879
247, 1733.4384704020654, 206456.53988718183, 1066.684960992446, 666.7535094096195
248, 1733.4384704020654, 205786.35259719874, 1063.2511804189865, 670.1872899830789
249, 1733.4384704020654, 205112.71384267224, 1059.7997158755734, 673.638754526492
250, 1733.4384704020654, 204435.60584855994, 1056.330476289762, 677.1079941123035
251, 1733.4384704020654, 203755.01074827794, 1052.8433701200836, 680.5951002819818
252, 1733.4384704020654, 203070.9105832295, 1049.3383053536313, 684.1001650484341
253, 1733.4384704020654, 202383.28730233107, 1045.815189503632, 687.6232808984334
254, 1733.4384704020654, 201692.122761536, 1042.273929607005, 691.1645407950605
255, 1733.4384704020654, 200997.39872335584, 1038.7144322219106, 694.7240381801548
256, 1733.4384704020654, 200299.09685637907, 1035.1366034252826, 698.3018669767828
257, 1733.4384704020654, 199597.19873478735, 1031.5403488103523, 701.8981215917131
258, 1733.4384704020654, 198891.68583786945, 1027.925573484155, 705.5128969179104
259, 1733.4384704020654, 198182.5395495324, 1024.2921820650276, 709.1462883370377
260, 1733.4384704020654, 197469.74115781044, 1020.640078680092, 712.7983917219734
261, 1733.4384704020654, 196753.2718543711, 1016.9691669627236, 716.4693034393417
262, 1733.4384704020654, 196033.11273401903, 1013.2793500500111, 720.1591203520543
263, 1733.4384704020654, 195309.24479419715, 1009.570530580198, 723.8679398218674
264, 1733.4384704020654, 194581.6489344852, 1005.8426106901152, 727.5958597119502
265, 1733.4384704020654, 193850.30595609572, 1002.0954920125987, 731.3429783894667
266, 1733.4384704020654, 193115.19656136754, 998.3290756738929, 735.1093947281724
267, 1733.4384704020654, 192376.3013532565, 994.5432622910429, 738.8952081110225
268, 1733.4384704020654, 191633.6008348237, 990.737951969271, 742.7005184327944
269, 1733.4384704020654, 190887.075408721, 986.913044299342, 746.5254261027234
270, 1733.4384704020654, 190136.70537667384, 983.0684383549129, 750.3700320471524
271, 1733.4384704020654, 189382.47093896163, 979.2040326898701, 754.2344377121952
272, 1733.4384704020654, 188624.35219389523, 975.3197253356524, 758.118745066413
273, 1733.4384704020654, 187862.32913729173, 971.4154137985605, 762.0230566035049
274, 1733.4384704020654, 187096.3816619467, 967.4909950570524, 765.947475345013
275, 1733.4384704020654, 186326.48955710366, 963.5463655590255, 769.8921048430399
276, 1733.4384704020654, 185552.63250792067, 959.581421219084, 773.8570491829814
277, 1733.4384704020654, 184774.7900949344, 955.5960574157915, 777.8424129862739
278, 1733.4384704020654, 183992.94179352126, 951.5901689889121, 781.8483014131533
279, 1733.4384704020654, 183207.06697335583, 947.5636502366343, 785.8748201654311
280, 1733.4384704020654, 182417.14489786656, 943.5163949127824, 789.922075489283
281, 1733.4384704020654, 181623.1547236885, 939.4482962240127, 793.9901741780527
282, 1733.4384704020654, 180825.07550011342, 935.3592468269957, 798.0792235750697
283, 1733.4384704020654, 180022.88616853693, 931.249138825584, 802.1893315764813
284, 1733.4384704020654, 179216.56556190283, 927.1178637679651, 806.3206066341003
285, 1733.4384704020654, 178406.09240414455, 922.9653126437994, 810.473157758266
286, 1733.4384704020654, 177591.44530962384, 918.7913758813444, 814.647094520721
287, 1733.4384704020654, 176772.60278256633, 914.5959433445628, 818.8425270575026
288, 1733.4384704020654, 175949.5432164945, 910.3789043302166, 823.0595660718487
289, 1733.4384704020654, 175122.24489365736, 906.1401475649467, 827.2983228371187
290, 1733.4384704020654, 174290.68598445764, 901.8795612023354, 831.55890919973
291, 1733.4384704020654, 173454.84454687554, 897.5970328199569, 835.8414375821085
292, 1733.4384704020654, 172614.6985258899, 893.292449416409, 840.1460209856564
293, 1733.4384704020654, 171770.22575289616, 888.9656974083329, 844.4727729937325
294, 1733.4384704020654, 170921.4039451215, 884.6166626274152, 848.8218077746502
295, 1733.4384704020654, 170068.21070503682, 880.2452303173758, 853.1932400846896
296, 1733.4384704020654, 169210.6235197657, 875.8512851309396, 857.5871852711258
297, 1733.4384704020654, 168348.61976049043, 871.4347111267933, 862.003759275272
298, 1733.4384704020654, 167482.17668185488, 866.9953917665257, 866.4430786355397
299, 1733.4384704020654, 166611.27142136436, 862.5332099115526, 870.9052604905128
300, 1733.4384704020654, 165735.88099878232, 858.0480478200265, 875.3904225820389
301, 1733.4384704020654, 164855.982315524, 853.539787143729, 879.8986832583364
302, 1733.4384704020654, 163971.55215404686, 849.0083089249484, 884.4301614771169
303, 1733.4384704020654, 163082.56717723815, 844.4534935933412, 888.9849768087241
304, 1733.4384704020654, 162189.00392779885, 839.8752209627764, 893.5632494392889
305, 1733.4384704020654, 161290.83882762495, 835.273370228164, 898.1651001739014
306, 1733.4384704020654, 160388.04817718515, 830.6478199622684, 902.790650439797
307, 1733.4384704020654, 159480.6081548956, 825.9984481125035, 907.4400222895619
308, 1733.4384704020654, 158568.49481649123, 821.3251319977122, 912.1133384043532
309, 1733.4384704020654, 157651.6840943941, 816.6277483049298, 916.8107220971356
310, 1733.4384704020654, 156730.15179707814, 811.9061730861295, 921.5322973159359
311, 1733.4384704020654, 155803.87360843102, 807.1602817549524, 926.278188647113
312, 1733.4384704020654, 154872.82508711237, 802.3899490834198, 931.0485213186456
313, 1733.4384704020654, 153936.98166590894, 797.5950491986287, 935.8434212034367
314, 1733.4384704020654, 152996.3186510863, 792.775455579431, 940.6630148226344
315, 1733.4384704020654, 152050.81122173733, 787.9310410530943, 945.5074293489711
316, 1733.4384704020654, 151100.4344291272, 783.0616777919472, 950.3767926101182
317, 1733.4384704020654, 150145.16319603514, 778.167237310005, 955.2712330920604
318, 1733.4384704020654, 149184.97231609267, 773.2475904595809, 960.1908799424845
319, 1733.4384704020654, 148219.83645311848, 768.3026074278772, 965.1358629741882
320, 1733.4384704020654, 147249.73014044997, 763.33215773356, 970.1063126685053
321, 1733.4384704020654, 146274.62778027123, 758.3361102233174, 975.102360178748
322, 1733.4384704020654, 145294.50364293755, 753.3143330683966, 980.1241373336687
323, 1733.4384704020654, 144309.33186629662, 748.2666937611283, 985.1717766409371
324, 1733.4384704020654, 143319.08645500598, 743.1930591114275, 990.2454112906379
325, 1733.4384704020654, 142323.7412798472, 738.0932952432807, 995.3451751587846
326, 1733.4384704020654, 141323.27007703634, 732.9672675912129, 1000.4712028108524
327, 1733.4384704020654, 140317.646447531, 727.8148408967371, 1005.6236295053283
328, 1733.4384704020654, 139306.84385633373, 722.6358792047846, 1010.8025911972808
329, 1733.4384704020654, 138290.8356317918, 717.4302458601187, 1016.0082245419467
330, 1733.4384704020654, 137269.59496489345, 712.1978035037276, 1021.2406668983377
331, 1733.4384704020654, 136243.0949085606, 706.9384140692013, 1026.500056332864
332, 1733.4384704020654, 135211.3083769376, 701.6519387790871, 1031.7865316229781
333, 1733.4384704020654, 134174.20814467678, 696.3382381412288, 1037.1002322608365
334, 1733.4384704020654, 133131.7668462198, 690.9971719450854, 1042.44129845698
335, 1733.4384704020654, 132083.95697507577, 685.628599258032, 1047.8098711440334
336, 1733.4384704020654, 131030.75088309534, 680.2323784216402, 1053.2060919804253
337, 1733.4384704020654, 129972.12077974122, 674.808367047941, 1058.6301033541245
338, 1733.4384704020654, 128908.03873135483, 669.3564220156674, 1064.0820483863981
339, 1733.4384704020654, 127838.47666041924, 663.8763994664773, 1069.562070935588
340, 1733.4384704020654, 126763.40634481833, 658.3681548011591, 1075.0703156009063
341, 1733.4384704020654, 125682.79941709207, 652.8315426758144, 1080.606927726251
342, 1733.4384704020654, 124596.62736368804, 647.266416998024, 1086.1720534040414
343, 1733.4384704020654, 123504.86152420896, 641.6726309229933, 1091.765839479072
344, 1733.4384704020654, 122407.47309065657, 636.0500368496761, 1097.3884335523894
345, 1733.4384704020654, 121304.43310667138, 630.3984864168813, 1103.039983985184
346, 1733.4384704020654, 120195.71246676867, 624.7178304993575, 1108.7206399027077
347, 1733.4384704020654, 119081.28191557046, 619.0079192038587, 1114.4305511982066
348, 1733.4384704020654, 117961.11204703359, 613.2686018651879, 1120.1698685368774
349, 1733.4384704020654, 116835.17330367374, 607.4997270422231, 1125.9387433598422
350, 1733.4384704020654, 115703.4359757856, 601.7011425139198, 1131.7373278881455
351, 1733.4384704020654, 114565.87020065883, 595.8726952752958, 1137.5657751267695
352, 1733.4384704020654, 113422.44596179016, 590.014231533393, 1143.4242388686725
353, 1733.4384704020654, 112273.13308809132, 584.1255967032192, 1149.312873698846
354, 1733.4384704020654, 111117.90125309292, 578.2066354036702, 1155.2318349983952
355, 1733.4384704020654, 109956.71997414427, 572.2571914534285, 1161.1812789486369
356, 1733.4384704020654, 108789.55861160906, 566.277107866843, 1167.1613625352225
357, 1733.4384704020654, 107616.38636805677, 560.2662268497866, 1173.1722435522788
358, 1733.4384704020654, 106437.1722874502, 554.2243897954924, 1179.2140806065731
359, 1733.4384704020654, 105251.8852543285, 548.1514372803684, 1185.2870331216968
360, 1733.4384704020654, 104060.49399298623, 542.0472090597917, 1191.3912613422735
361, 1733.4384704020654, 102862.96706664804, 535.911544063879, 1197.5269263381865
362, 1733.4384704020654, 101659.27287663921, 529.7442803932373, 1203.6941900088282
363, 1733.4384704020654, 100449.37966155184, 523.5452553146919, 1209.8932150873734
364, 1733.4384704020654, 99233.25549640677, 517.3143052569919, 1216.1241651450734
365, 1733.4384704020654, 98010.8682918112, 511.05126580649477, 1222.3872045955707
366, 1733.4384704020654, 96782.18579311196, 504.7559717028277, 1228.6824986992376
367, 1733.4384704020654, 95547.17557954442, 498.42825683452656, 1235.0102135675388
368, 1733.4384704020654, 94305.805063377, 492.06795423465377, 1241.3705161674116
369, 1733.4384704020654, 93058.04148905133, 485.6748960763916, 1247.7635743256737
370, 1733.4384704020654, 91803.85193231788, 479.2489136686143, 1254.1895567334511
371, 1733.4384704020654, 90543.20329936725, 472.789837451437, 1260.6486329506283
372, 1733.4384704020654, 89276.06232595693, 466.2974969917413, 1267.140973410324
373, 1733.4384704020654, 88002.39557653354, 459.7717209786781, 1273.6667494233873
374, 1733.4384704020654, 86722.16944335062, 453.2123372191477, 1280.2261331829177
375, 1733.4384704020654, 85435.3501455818, 446.61917263325563, 1286.8192977688097
376, 1733.4384704020654, 84141.90372842949, 439.9920532497463, 1293.446417152319
377, 1733.4384704020654, 82841.79606222884, 433.33080420141187, 1300.1076662006535
378, 1733.4384704020654, 81534.99284154725, 426.6352497204785, 1306.803220681587
379, 1733.4384704020654, 80221.45958427916, 419.90521313396835, 1313.533257268097
380, 1733.4384704020654, 78901.16163073614, 413.14051685903763, 1320.2979535430277
381, 1733.4384704020654, 77574.06414273237, 406.3409823982911, 1327.0974880037743
382, 1733.4384704020654, 76240.13210266537, 399.5064303350717, 1333.9320400669937
383, 1733.4384704020654, 74899.33031259204, 392.63668032872664, 1340.8017900733387
384, 1733.4384704020654, 73551.62339329981, 385.7315511098489, 1347.7069192922165
385, 1733.4384704020654, 72196.97578337324, 378.79086047549407, 1354.6476099265712
386, 1733.4384704020654, 70835.35173825554, 371.8144252843722, 1361.6240451176932
387, 1733.4384704020654, 69466.7153293055, 364.802061452016, 1368.6364089500494
388, 1733.4384704020654, 68091.03044284935, 357.7535839459233, 1375.684886456142
389, 1733.4384704020654, 66708.26077922796, 350.6688067806742, 1382.7696636213911
390, 1733.4384704020654, 65318.36985183892, 343.5475430130239, 1389.8909273890415
391, 1733.4384704020654, 63921.32098617383, 336.3896047369704, 1397.048865665095
392, 1733.4384704020654, 62517.077318850555, 329.1948030787952, 1404.24366732327
393, 1733.4384704020654, 61105.60179664057, 321.9629481920804, 1411.475522209985
394, 1733.4384704020654, 59686.857175491205, 314.6938492526989, 1418.7446211493666
395, 1733.4384704020654, 58260.80601954292, 307.3873144537797, 1426.0511559482857
396, 1733.4384704020654, 56827.4107001415, 300.04315100064605, 1433.3953194014193
397, 1733.4384704020654, 55386.633394845165, 292.66116510572874, 1440.7773052963366
398, 1733.4384704020654, 53938.436086426555, 285.24116198345257, 1448.197308418613
399, 1733.4384704020654, 52482.780561869586, 277.7829458450968, 1455.6555245569687
400, 1733.4384704020654, 51019.62841136115, 270.28631989362833, 1463.152150508437
401, 1733.4384704020654, 49548.94102727759, 262.7510863185099, 1470.6873840835556
402, 1733.4384704020654, 48070.679603166005, 255.17704629047958, 1478.2614241115857
403, 1733.4384704020654, 46584.80513272024, 247.5639999563049, 1485.8744704457604
404, 1733.4384704020654, 45091.278408751685, 239.91174643350925, 1493.526723968556
405, 1733.4384704020654, 43590.06002215469, 232.2200838050712, 1501.2183865969942
406, 1733.4384704020654, 42081.110360866725, 224.48880911409665, 1508.9496612879686
407, 1733.4384704020654, 40564.38960882313, 216.71771835846366, 1516.7207520436018
408, 1733.4384704020654, 39039.8577449065, 208.90660648543908, 1524.5318639166262
409, 1733.4384704020654, 37507.474541890704, 201.05526738626847, 1532.3832030157969
410, 1733.4384704020654, 35967.19956537938, 193.1634938907371, 1540.2749765113283
411, 1733.4384704020654, 34418.99217273902, 185.23107776170377, 1548.2073926403616
412, 1733.4384704020654, 32862.81151202656, 177.25780968960592, 1556.1806607124595
413, 1733.4384704020654, 31298.61652091143, 169.24347928693678, 1564.1949911151287
414, 1733.4384704020654, 29726.365925592057, 161.18787508269386, 1572.2505953193715
415, 1733.4384704020654, 28146.01823970679, 153.09078451679906, 1580.3476858852664
416, 1733.4384704020654, 26557.531763239214, 144.95199393448996, 1588.4864764675754
417, 1733.4384704020654, 24960.86458141783, 136.77128858068195, 1596.6671818213833
418, 1733.4384704020654, 23355.974563610067, 128.54845259430184, 1604.8900178077636
419, 1733.4384704020654, 21742.819362210594, 120.28326900259185, 1613.1552013994735
420, 1733.4384704020654, 20121.356411523913, 111.97551971538456, 1621.4629506866809
421, 1733.4384704020654, 18491.542926641196, 103.62498551934816, 1629.8134848827171
422, 1733.4384704020654, 16853.335902311333, 95.23144607220216, 1638.2070243298633
423, 1733.4384704020654, 15206.692111806171, 86.79467989690336, 1646.643790505162
424, 1733.4384704020654, 13551.568105779908, 78.31446437580178, 1655.1240060262635
425, 1733.4384704020654, 11887.92021112261, 69.79057574476653, 1663.6478946572988
426, 1733.4384704020654, 10215.704529807826, 61.222789087281434, 1672.215681314784
427, 1733.4384704020654, 8534.876937734272, 52.6108783285103, 1680.827592073555
428, 1733.4384704020654, 6845.393083561538, 43.9546162293315, 1689.4838541727338
429, 1733.4384704020654, 5147.208387539815, 35.25377438034192, 1698.1846960217235
430, 1733.4384704020654, 3440.278040333579, 26.50812319583005, 1706.9303472062354
431, 1733.4384704020654, 1724.5570018392318, 17.71743190771793, 1715.7210384943473
432, 1733.4384704020654, 0.0, 8.881468559472042, 1724.5570018425933
